title,city,locality,listing_type,property_type,slug,status,price,price_per_sqft,developer_name,total_area_sqft,possession_date,address,rera_number,is_rera_verified,is_featured,is_gift_city,is_zero_brokerage,is_exclusive,roi_potential,rental_yield,description,meta_title,meta_description,meta_keywords,amenities,highlights
Sky Residences 3BHK,Ahmedabad,Prahlad Nagar,buy,residential,,active,8500000,7500,Shivalik Group,25000,2026-12-31,"Prahlad Nagar, Ahmedabad, Gujarat",PR/GJ/AHMD/12345/2024,true,true,false,true,false,14.5,5.6,"Premium 3BHK near SG Highway. 3BHK apartment in Prahlad Nagar, Ahmedabad with modern amenities.",Sky Residences 3BHK - 3BHK in Prahlad Nagar Ahmedabad,Buy/Rent 3BHK in Prahlad Nagar. Premium 3BHK near SG Highway,"3BHK,Prahlad Nagar,Ahmedabad,buy,residential","[""Indoor Games"",""Power Backup"",""Tennis Court"",""Multiplex"",""Children Play Area""]","[""RERA Verified"",""Zero Brokerage""]"
Green Valley 2BHK,Ahmedabad,Satellite,buy,residential,,active,5500000,6800,Safal Group,18000,2026-09-30,"Satellite, Ahmedabad, Gujarat",PR/GJ/AHMD/23456/2024,true,false,false,false,false,,,"Affordable 2BHK in Satellite. 2BHK apartment in Satellite, Ahmedabad with modern amenities.",Green Valley 2BHK - 2BHK in Satellite Ahmedabad,Buy/Rent 2BHK in Satellite. Affordable 2BHK in Satellite,"2BHK,Satellite,Ahmedabad,buy,residential","[""Children Play Area"",""Shopping Complex"",""Swimming Pool"",""Indoor Games"",""Multiplex""]","[""RERA Verified"",""Zero Brokerage""]"
Sunflower Heights 4BHK,Ahmedabad,Bodakdev,buy,residential,,active,14000000,9200,Goyal & Co,35000,2027-03-31,"Bodakdev, Ahmedabad, Gujarat",PR/GJ/AHMD/34567/2024,true,true,false,false,true,16.0,,"Luxury 4BHK in Bodakdev. 4BHK apartment in Bodakdev, Ahmedabad with modern amenities.",Sunflower Heights 4BHK - 4BHK in Bodakdev Ahmedabad,Buy/Rent 4BHK in Bodakdev. Luxury 4BHK in Bodakdev,"4BHK,Bodakdev,Ahmedabad,buy,residential","[""Shopping Complex"",""Clubhouse"",""Co-working Space"",""Power Backup"",""Multiplex""]","[""RERA Verified"",""Zero Brokerage""]"
Maple Grove 2BHK,Ahmedabad,Vastrapur,rent,residential,,active,35000,,Adani Realty,,,"Vastrapur, Ahmedabad, Gujarat",,false,false,false,true,false,,5.2,"Fully furnished 2BHK for rent. 2BHK apartment in Vastrapur, Ahmedabad with modern amenities.",Maple Grove 2BHK - 2BHK in Vastrapur Ahmedabad,Buy/Rent 2BHK in Vastrapur. Fully furnished 2BHK for rent,"2BHK,Vastrapur,Ahmedabad,buy,residential","[""Co-working Space"",""Swimming Pool"",""Guest Suites"",""Rooftop Garden"",""Tennis Court""]","[""Ready to Move""]"
Crystal Tower 3BHK,Ahmedabad,Thaltej,buy,residential,,active,7800000,8100,Aavkar Group,22000,2026-06-30,"Thaltej, Ahmedabad, Gujarat",PR/GJ/AHMD/45678/2024,true,true,false,false,false,13.0,5.5,"3BHK near Thaltej Metro. 3BHK apartment in Thaltej, Ahmedabad with modern amenities.",Crystal Tower 3BHK - 3BHK in Thaltej Ahmedabad,Buy/Rent 3BHK in Thaltej. 3BHK near Thaltej Metro,"3BHK,Thaltej,Ahmedabad,buy,residential","[""Clubhouse"",""Rooftop Garden"",""Power Backup"",""Multiplex"",""Co-working Space""]","[""RERA Verified"",""Zero Brokerage""]"
Palm Springs 1BHK,Ahmedabad,Ambli,buy,residential,,active,3200000,5900,Patel Corporation,12000,2026-03-31,"Ambli, Ahmedabad, Gujarat",PR/GJ/AHMD/56789/2024,true,false,false,true,false,,,"Budget 1BHK in Ambli. 1BHK apartment in Ambli, Ahmedabad with modern amenities.",Palm Springs 1BHK - 1BHK in Ambli Ahmedabad,Buy/Rent 1BHK in Ambli. Budget 1BHK in Ambli,"1BHK,Ambli,Ahmedabad,buy,residential","[""Amphitheater"",""Gymnasium"",""Power Backup"",""Clubhouse"",""Guest Suites""]","[""RERA Verified"",""Zero Brokerage""]"
Orchid Residency 3BHK,Ahmedabad,South Bopal,buy,residential,,active,6500000,7200,Sun Builders,20000,2027-06-30,"South Bopal, Ahmedabad, Gujarat",PR/GJ/AHMD/67890/2024,true,false,false,false,false,,,"3BHK in South Bopal. 3BHK apartment in South Bopal, Ahmedabad with modern amenities.",Orchid Residency 3BHK - 3BHK in South Bopal Ahmedabad,Buy/Rent 3BHK in South Bopal. 3BHK in South Bopal,"3BHK,South Bopal,Ahmedabad,buy,residential","[""Tennis Court"",""Guest Suites"",""Multiplex"",""Clubhouse"",""Amphitheater""]","[""RERA Verified"",""Zero Brokerage""]"
Emerald Heights 4BHK,Ahmedabad,Bodakdev,buy,residential,,active,18000000,9800,Sambhaav Group,42000,2027-12-31,"Bodakdev, Ahmedabad, Gujarat",PR/GJ/AHMD/78901/2024,true,true,false,false,true,18.0,6.0,"Ultra-luxury 4BHK. 4BHK apartment in Bodakdev, Ahmedabad with modern amenities.",Emerald Heights 4BHK - 4BHK in Bodakdev Ahmedabad,Buy/Rent 4BHK in Bodakdev. Ultra-luxury 4BHK,"4BHK,Bodakdev,Ahmedabad,buy,residential","[""Rooftop Garden"",""Amphitheater"",""24/7 Security"",""Clubhouse"",""Children Play Area""]","[""RERA Verified"",""Zero Brokerage""]"
Blue Bells 2BHK,Ahmedabad,Shela,buy,residential,,active,4800000,6500,Narayan Infra,16000,2026-06-30,"Shela, Ahmedabad, Gujarat",PR/GJ/AHMD/89012/2024,true,false,false,true,false,,,"2BHK in growing Shela area. 2BHK apartment in Shela, Ahmedabad with modern amenities.",Blue Bells 2BHK - 2BHK in Shela Ahmedabad,Buy/Rent 2BHK in Shela. 2BHK in growing Shela area,"2BHK,Shela,Ahmedabad,buy,residential","[""Gymnasium"",""24/7 Security"",""Amphitheater"",""Guest Suites"",""Multiplex""]","[""RERA Verified"",""Zero Brokerage""]"
Silver Oak 3BHK,Ahmedabad,Prahlad Nagar,rent,residential,,active,55000,,Rajdeep Realty,,,"Prahlad Nagar, Ahmedabad, Gujarat",,false,false,false,false,false,,,"Semi-furnished 3BHK on rent. 3BHK apartment in Prahlad Nagar, Ahmedabad with modern amenities.",Silver Oak 3BHK - 3BHK in Prahlad Nagar Ahmedabad,Buy/Rent 3BHK in Prahlad Nagar. Semi-furnished 3BHK on rent,"3BHK,Prahlad Nagar,Ahmedabad,buy,residential","[""Swimming Pool"",""Rooftop Garden"",""Shopping Complex"",""Tennis Court"",""Children Play Area""]","[""Ready to Move""]"
Lotus Enclave 2BHK,Ahmedabad,Satellite,buy,residential,,active,6200000,7800,Shivalik Group,19000,2026-12-31,"Satellite, Ahmedabad, Gujarat",PR/GJ/AHMD/90123/2024,true,false,false,false,false,,,"2BHK near satellite area. 2BHK apartment in Satellite, Ahmedabad with modern amenities.",Lotus Enclave 2BHK - 2BHK in Satellite Ahmedabad,Buy/Rent 2BHK in Satellite. 2BHK near satellite area,"2BHK,Satellite,Ahmedabad,buy,residential","[""Clubhouse"",""Children Play Area"",""Guest Suites"",""Tennis Court"",""Multiplex""]","[""RERA Verified"",""Zero Brokerage""]"
Pinnacle Tower 5BHK,Ahmedabad,Vastrapur,buy,residential,,active,28000000,11000,Safal Group,52000,2028-03-31,"Vastrapur, Ahmedabad, Gujarat",PR/GJ/AHMD/01234/2024,true,true,false,false,true,20.0,,"Penthouse-style 5BHK. 5BHK apartment in Vastrapur, Ahmedabad with modern amenities.",Pinnacle Tower 5BHK - 5BHK in Vastrapur Ahmedabad,Buy/Rent 5BHK in Vastrapur. Penthouse-style 5BHK,"5BHK,Vastrapur,Ahmedabad,buy,residential","[""Gymnasium"",""Multiplex"",""Rooftop Garden"",""Children Play Area"",""Guest Suites""]","[""RERA Verified"",""Zero Brokerage""]"
Harmony Homes 2BHK,Ahmedabad,Thaltej,buy,residential,,active,5200000,7000,Goyal & Co,17000,2026-09-30,"Thaltej, Ahmedabad, Gujarat",PR/GJ/AHMD/11111/2024,true,false,false,true,false,,,"Vastu-compliant 2BHK. 2BHK apartment in Thaltej, Ahmedabad with modern amenities.",Harmony Homes 2BHK - 2BHK in Thaltej Ahmedabad,Buy/Rent 2BHK in Thaltej. Vastu-compliant 2BHK,"2BHK,Thaltej,Ahmedabad,buy,residential","[""Guest Suites"",""Children Play Area"",""Multiplex"",""Rooftop Garden"",""Amphitheater""]","[""RERA Verified"",""Zero Brokerage""]"
Royal Garden 3BHK,Ahmedabad,Ambli,rent,residential,,active,45000,,Adani Realty,,,"Ambli, Ahmedabad, Gujarat",,false,false,false,false,false,,4.8,"3BHK garden-facing flat for rent. 3BHK apartment in Ambli, Ahmedabad with modern amenities.",Royal Garden 3BHK - 3BHK in Ambli Ahmedabad,Buy/Rent 3BHK in Ambli. 3BHK garden-facing flat for rent,"3BHK,Ambli,Ahmedabad,buy,residential","[""Gymnasium"",""Swimming Pool"",""Jogging Track"",""Rooftop Garden"",""Tennis Court""]","[""Ready to Move""]"
Vista Homes 2BHK,Ahmedabad,South Bopal,buy,residential,,active,4500000,6200,Aavkar Group,15000,2026-06-30,"South Bopal, Ahmedabad, Gujarat",PR/GJ/AHMD/22222/2024,true,false,false,true,false,,,"Budget 2BHK in South Bopal. 2BHK apartment in South Bopal, Ahmedabad with modern amenities.",Vista Homes 2BHK - 2BHK in South Bopal Ahmedabad,Buy/Rent 2BHK in South Bopal. Budget 2BHK in South Bopal,"2BHK,South Bopal,Ahmedabad,buy,residential","[""Co-working Space"",""Shopping Complex"",""24/7 Security"",""Indoor Games"",""Swimming Pool""]","[""RERA Verified"",""Zero Brokerage""]"
SG Business Hub Office,Ahmedabad,SG Highway,buy,commercial,,active,3800000,8500,Patel Corporation,4500,2025-12-31,"SG Highway, Ahmedabad, Gujarat",PR/GJ/AHMD/33333/2024,true,false,false,false,false,,,"Prime SG Business Hub Office in SG Highway, Ahmedabad. Ideal for businesses.",SG Business Hub Office - Commercial Property SG Highway,"Commercial property in SG Highway Ahmedabad. Suitable for office, retail.","commercial,SG Highway,Ahmedabad,office,retail","[""Rooftop Garden"",""Swimming Pool"",""Children Play Area"",""Gymnasium""]","[""RERA Verified"",""High ROI""]"
Ashram Road Showroom,Ahmedabad,Ashram Road,buy,commercial,,active,12000000,9500,Sun Builders,12000,2025-09-30,"Ashram Road, Ahmedabad, Gujarat",PR/GJ/AHMD/44444/2024,true,false,false,false,false,,,"Prime Ashram Road Showroom in Ashram Road, Ahmedabad. Ideal for businesses.",Ashram Road Showroom - Commercial Property Ashram Road,"Commercial property in Ashram Road Ahmedabad. Suitable for office, retail.","commercial,Ashram Road,Ahmedabad,office,retail","[""Multiplex"",""24/7 Security"",""Guest Suites"",""Gymnasium""]","[""RERA Verified"",""High ROI""]"
CG Road Premium Office,Ahmedabad,CG Road,rent,commercial,,active,95000,,Sambhaav Group,,,"CG Road, Ahmedabad, Gujarat",,false,false,false,false,false,,,"Prime CG Road Premium Office in CG Road, Ahmedabad. Ideal for businesses.",CG Road Premium Office - Commercial Property CG Road,"Commercial property in CG Road Ahmedabad. Suitable for office, retail.","commercial,CG Road,Ahmedabad,office,retail","[""Amphitheater"",""Gymnasium"",""Tennis Court"",""Children Play Area""]","[""Prime Location""]"
Makarba IT Park Office,Ahmedabad,Makarba,buy,commercial,,active,5500000,7800,Narayan Infra,7000,2026-03-31,"Makarba, Ahmedabad, Gujarat",PR/GJ/AHMD/55555/2024,true,false,false,false,false,,,"Prime Makarba IT Park Office in Makarba, Ahmedabad. Ideal for businesses.",Makarba IT Park Office - Commercial Property Makarba,"Commercial property in Makarba Ahmedabad. Suitable for office, retail.","commercial,Makarba,Ahmedabad,office,retail","[""Guest Suites"",""Children Play Area"",""Indoor Games"",""Co-working Space""]","[""RERA Verified"",""High ROI""]"
Prahlad Nagar Retail Shop,Ahmedabad,Prahlad Nagar,buy,commercial,,active,2800000,15000,Rajdeep Realty,1800,2025-06-30,"Prahlad Nagar, Ahmedabad, Gujarat",PR/GJ/AHMD/66666/2024,true,false,false,false,false,,,"Prime Prahlad Nagar Retail Shop in Prahlad Nagar, Ahmedabad. Ideal for businesses.",Prahlad Nagar Retail Shop - Commercial Property Prahlad Nagar,"Commercial property in Prahlad Nagar Ahmedabad. Suitable for office, retail.","commercial,Prahlad Nagar,Ahmedabad,office,retail","[""Tennis Court"",""Amphitheater"",""Gymnasium"",""Swimming Pool""]","[""RERA Verified"",""High ROI""]"
SG Highway Warehouse,Ahmedabad,SG Highway,rent,commercial,,active,180000,,Shivalik Group,,,"SG Highway, Ahmedabad, Gujarat",,false,false,false,false,false,,,"Prime SG Highway Warehouse in SG Highway, Ahmedabad. Ideal for businesses.",SG Highway Warehouse - Commercial Property SG Highway,"Commercial property in SG Highway Ahmedabad. Suitable for office, retail.","commercial,SG Highway,Ahmedabad,office,retail","[""Indoor Games"",""Tennis Court"",""Guest Suites"",""Amphitheater""]","[""Prime Location""]"
Prahladnagar Office Tower,Ahmedabad,Prahladnagar Road,investment,commercial,,active,9500000,8200,Safal Group,11000,2026-06-30,"Prahladnagar Road, Ahmedabad, Gujarat",PR/GJ/AHMD/77777/2024,true,true,false,false,false,12.5,8.5,"Prime Prahladnagar Office Tower in Prahladnagar Road, Ahmedabad. Ideal for businesses.",Prahladnagar Office Tower - Commercial Property Prahladnagar Road,"Commercial property in Prahladnagar Road Ahmedabad. Suitable for office, retail.","commercial,Prahladnagar Road,Ahmedabad,office,retail","[""Rooftop Garden"",""Swimming Pool"",""Amphitheater"",""Tennis Court""]","[""RERA Verified"",""High ROI""]"
CG Road Food Court Space,Ahmedabad,CG Road,rent,commercial,,active,75000,,Goyal & Co,,,"CG Road, Ahmedabad, Gujarat",,false,false,false,false,false,,,"Prime CG Road Food Court Space in CG Road, Ahmedabad. Ideal for businesses.",CG Road Food Court Space - Commercial Property CG Road,"Commercial property in CG Road Ahmedabad. Suitable for office, retail.","commercial,CG Road,Ahmedabad,office,retail","[""Amphitheater"",""Co-working Space"",""Power Backup"",""Clubhouse""]","[""Prime Location""]"
Makarba Co-working Space,Ahmedabad,Makarba,buy,commercial,,active,6200000,9100,Adani Realty,6800,2026-09-30,"Makarba, Ahmedabad, Gujarat",PR/GJ/AHMD/88888/2024,true,false,false,false,false,,,"Prime Makarba Co-working Space in Makarba, Ahmedabad. Ideal for businesses.",Makarba Co-working Space - Commercial Property Makarba,"Commercial property in Makarba Ahmedabad. Suitable for office, retail.","commercial,Makarba,Ahmedabad,office,retail","[""Power Backup"",""24/7 Security"",""Shopping Complex"",""Co-working Space""]","[""RERA Verified"",""High ROI""]"
Ashram Road Commercial Hub,Ahmedabad,Ashram Road,investment,commercial,,active,15000000,10200,Aavkar Group,18000,2027-03-31,"Ashram Road, Ahmedabad, Gujarat",PR/GJ/AHMD/99999/2024,true,true,false,false,false,12.5,8.5,"Prime Ashram Road Commercial Hub in Ashram Road, Ahmedabad. Ideal for businesses.",Ashram Road Commercial Hub - Commercial Property Ashram Road,"Commercial property in Ashram Road Ahmedabad. Suitable for office, retail.","commercial,Ashram Road,Ahmedabad,office,retail","[""Gymnasium"",""Co-working Space"",""Amphitheater"",""Tennis Court""]","[""RERA Verified"",""High ROI""]"
Nalsarovar Lake View Villa,Gandhinagar,Nalsarovar,buy,new_launch,,active,15000000,4500,Patel Corporation,50000,2027-06-30,"Nalsarovar, Gujarat",PR/GJ/GAND/11111/2024,true,true,false,false,true,18.0,7.5,Exclusive weekend home - Nalsarovar Lake View Villa. Perfect getaway from city life near Nalsarovar.,Nalsarovar Lake View Villa - Weekend Home near Nalsarovar,Luxury weekend farmhouse/villa near Nalsarovar. Nalsarovar Lake View Villa - Book now.,"weekend home,farmhouse,villa,Nalsarovar,Gujarat","[""Multiplex"",""Shopping Complex"",""Children Play Area"",""Jogging Track"",""Tennis Court"",""Gymnasium""]","[""Exclusive Property"",""RERA Verified"",""Weekend Getaway""]"
Shantigram Weekend Bungalow,Gandhinagar,Shantigram,buy,new_launch,,active,22000000,5500,Sun Builders,65000,2027-12-31,"Shantigram, Gujarat",PR/GJ/GAND/22222/2024,true,true,false,false,true,20.0,8.0,Exclusive weekend home - Shantigram Weekend Bungalow. Perfect getaway from city life near Shantigram.,Shantigram Weekend Bungalow - Weekend Home near Shantigram,Luxury weekend farmhouse/villa near Shantigram. Shantigram Weekend Bungalow - Book now.,"weekend home,farmhouse,villa,Shantigram,Gujarat","[""Children Play Area"",""Amphitheater"",""Tennis Court"",""Guest Suites"",""Clubhouse"",""Gymnasium""]","[""Exclusive Property"",""RERA Verified"",""Weekend Getaway""]"
Shilaj Farmhouse Estate,Ahmedabad,Shilaj,buy,new_launch,,active,18000000,4800,Sambhaav Group,55000,2027-09-30,"Shilaj, Gujarat",PR/GJ/GAND/33333/2024,true,true,false,false,true,16.0,6.5,Exclusive weekend home - Shilaj Farmhouse Estate. Perfect getaway from city life near Shilaj.,Shilaj Farmhouse Estate - Weekend Home near Shilaj,Luxury weekend farmhouse/villa near Shilaj. Shilaj Farmhouse Estate - Book now.,"weekend home,farmhouse,villa,Shilaj,Gujarat","[""Rooftop Garden"",""Amphitheater"",""Co-working Space"",""24/7 Security"",""Power Backup"",""Jogging Track""]","[""Exclusive Property"",""RERA Verified"",""Weekend Getaway""]"
Sanand Eco Villa,Ahmedabad,Sanand,buy,new_launch,,active,9500000,3500,Narayan Infra,40000,2027-03-31,"Sanand, Gujarat",,false,false,false,false,true,,,Exclusive weekend home - Sanand Eco Villa. Perfect getaway from city life near Sanand.,Sanand Eco Villa - Weekend Home near Sanand,Luxury weekend farmhouse/villa near Sanand. Sanand Eco Villa - Book now.,"weekend home,farmhouse,villa,Sanand,Gujarat","[""Indoor Games"",""Amphitheater"",""Rooftop Garden"",""Shopping Complex"",""Clubhouse"",""Jogging Track""]","[""Exclusive Property"",""Weekend Getaway""]"
Bavla Nature Retreat Bungalow,Ahmedabad,Bavla,buy,new_launch,,active,7800000,3200,Rajdeep Realty,35000,2026-12-31,"Bavla, Gujarat",,false,false,false,false,true,,,Exclusive weekend home - Bavla Nature Retreat Bungalow. Perfect getaway from city life near Bavla.,Bavla Nature Retreat Bungalow - Weekend Home near Bavla,Luxury weekend farmhouse/villa near Bavla. Bavla Nature Retreat Bungalow - Book now.,"weekend home,farmhouse,villa,Bavla,Gujarat","[""Jogging Track"",""Multiplex"",""Swimming Pool"",""Co-working Space"",""Gymnasium"",""Tennis Court""]","[""Exclusive Property"",""Weekend Getaway""]"
Nal Sarovar Luxury Farmhouse,Gandhinagar,Nal Sarovar,buy,new_launch,,active,28000000,6000,Shivalik Group,75000,2028-03-31,"Nal Sarovar, Gujarat",PR/GJ/GAND/44444/2024,true,true,false,false,true,22.0,9.0,Exclusive weekend home - Nal Sarovar Luxury Farmhouse. Perfect getaway from city life near Nal Sarovar.,Nal Sarovar Luxury Farmhouse - Weekend Home near Nal Sarovar,Luxury weekend farmhouse/villa near Nal Sarovar. Nal Sarovar Luxury Farmhouse - Book now.,"weekend home,farmhouse,villa,Nal Sarovar,Gujarat","[""Children Play Area"",""Multiplex"",""Rooftop Garden"",""24/7 Security"",""Shopping Complex"",""Indoor Games""]","[""Exclusive Property"",""RERA Verified"",""Weekend Getaway""]"
Koba Forest Retreat Villa,Gandhinagar,Koba,buy,new_launch,,active,12500000,4200,Safal Group,42000,2027-06-30,"Koba, Gujarat",PR/GJ/GAND/55555/2024,true,true,false,false,true,15.0,6.0,Exclusive weekend home - Koba Forest Retreat Villa. Perfect getaway from city life near Koba.,Koba Forest Retreat Villa - Weekend Home near Koba,Luxury weekend farmhouse/villa near Koba. Koba Forest Retreat Villa - Book now.,"weekend home,farmhouse,villa,Koba,Gujarat","[""Guest Suites"",""Amphitheater"",""24/7 Security"",""Gymnasium"",""Tennis Court"",""Swimming Pool""]","[""Exclusive Property"",""RERA Verified"",""Weekend Getaway""]"
Bopal Weekend Home 4BHK,Ahmedabad,Bopal,buy,new_launch,,active,8500000,5200,Goyal & Co,28000,2026-09-30,"Bopal, Gujarat",PR/GJ/AHMD/00001/2024,true,true,false,false,true,13.5,5.8,Exclusive weekend home - Bopal Weekend Home 4BHK. Perfect getaway from city life near Bopal.,Bopal Weekend Home 4BHK - Weekend Home near Bopal,Luxury weekend farmhouse/villa near Bopal. Bopal Weekend Home 4BHK - Book now.,"weekend home,farmhouse,villa,Bopal,Gujarat","[""Multiplex"",""Gymnasium"",""Guest Suites"",""24/7 Security"",""Shopping Complex"",""Co-working Space""]","[""Exclusive Property"",""RERA Verified"",""Weekend Getaway""]"
Sanand Green Hills Bungalow,Ahmedabad,Sanand,buy,new_launch,,active,11000000,3800,Adani Realty,45000,2027-12-31,"Sanand, Gujarat",,false,false,false,false,true,,,Exclusive weekend home - Sanand Green Hills Bungalow. Perfect getaway from city life near Sanand.,Sanand Green Hills Bungalow - Weekend Home near Sanand,Luxury weekend farmhouse/villa near Sanand. Sanand Green Hills Bungalow - Book now.,"weekend home,farmhouse,villa,Sanand,Gujarat","[""Children Play Area"",""Gymnasium"",""Shopping Complex"",""Rooftop Garden"",""Co-working Space"",""Multiplex""]","[""Exclusive Property"",""Weekend Getaway""]"
Bavla Countryside Estate 5BHK,Ahmedabad,Bavla,buy,new_launch,,active,16000000,4600,Aavkar Group,52000,2028-06-30,"Bavla, Gujarat",PR/GJ/GAND/66666/2024,true,true,false,false,true,17.5,7.0,Exclusive weekend home - Bavla Countryside Estate 5BHK. Perfect getaway from city life near Bavla.,Bavla Countryside Estate 5BHK - Weekend Home near Bavla,Luxury weekend farmhouse/villa near Bavla. Bavla Countryside Estate 5BHK - Book now.,"weekend home,farmhouse,villa,Bavla,Gujarat","[""Guest Suites"",""Indoor Games"",""Tennis Court"",""Jogging Track"",""Gymnasium"",""Rooftop Garden""]","[""Exclusive Property"",""RERA Verified"",""Weekend Getaway""]"
Gift City Sky Residences 3BHK,Gandhinagar,Gift City,buy,residential,,active,12000000,9500,Patel Corporation,30000,2026-12-31,"Gift City, Gandhinagar, Gujarat",PR/GJ/GAND/77777/2024,true,true,true,false,false,18.0,8.5,"Premium Gift City Sky Residences 3BHK in Gift City, Gandhinagar. Special Economic Zone benefits.",Gift City Sky Residences 3BHK - Gift City Gandhinagar Investment,Invest in Gift City Gift City. Gift City Sky Residences 3BHK - Best ROI property in Gandhinagar.,"Gift City,Gandhinagar,investment,Gift City,SEZ","[""Co-working Space"",""Jogging Track"",""24/7 Security"",""Shopping Complex"",""Guest Suites"",""Power Backup""]","[""RERA Verified"",""Gift City SEZ"",""High ROI"",""NRI Friendly""]"
Gift City Premium Apartment 2BHK,Gandhinagar,Gift City Phase 1,buy,residential,,active,8500000,8800,Sun Builders,22000,2026-09-30,"Gift City Phase 1, Gandhinagar, Gujarat",PR/GJ/GAND/88888/2024,true,true,true,false,false,16.0,7.5,"Premium Gift City Premium Apartment 2BHK in Gift City, Gandhinagar. Special Economic Zone benefits.",Gift City Premium Apartment 2BHK - Gift City Gandhinagar Investment,Invest in Gift City Phase 1 Gift City. Gift City Premium Apartment 2BHK - Best ROI property in Gandhinagar.,"Gift City,Gandhinagar,investment,Gift City Phase 1,SEZ","[""Swimming Pool"",""Clubhouse"",""Indoor Games"",""Gymnasium"",""Shopping Complex"",""Power Backup""]","[""RERA Verified"",""Gift City SEZ"",""High ROI"",""NRI Friendly""]"
Gift City Office Tower,Gandhinagar,Gift City,investment,commercial,,active,25000000,12000,Sambhaav Group,40000,2027-03-31,"Gift City, Gandhinagar, Gujarat",PR/GJ/GAND/99999/2024,true,true,true,false,true,20.0,9.5,"Premium Gift City Office Tower in Gift City, Gandhinagar. Special Economic Zone benefits.",Gift City Office Tower - Gift City Gandhinagar Investment,Invest in Gift City Gift City. Gift City Office Tower - Best ROI property in Gandhinagar.,"Gift City,Gandhinagar,investment,Gift City,SEZ","[""Jogging Track"",""Rooftop Garden"",""Children Play Area"",""Indoor Games"",""24/7 Security"",""Multiplex""]","[""RERA Verified"",""Gift City SEZ"",""High ROI"",""NRI Friendly""]"
Gift City Smart Home 2BHK,Gandhinagar,Gift City Phase 2,buy,residential,,active,9200000,9200,Narayan Infra,24000,2027-06-30,"Gift City Phase 2, Gandhinagar, Gujarat",PR/GJ/GAND/10001/2024,true,true,true,false,false,17.0,8.0,"Premium Gift City Smart Home 2BHK in Gift City, Gandhinagar. Special Economic Zone benefits.",Gift City Smart Home 2BHK - Gift City Gandhinagar Investment,Invest in Gift City Phase 2 Gift City. Gift City Smart Home 2BHK - Best ROI property in Gandhinagar.,"Gift City,Gandhinagar,investment,Gift City Phase 2,SEZ","[""Shopping Complex"",""Indoor Games"",""Power Backup"",""24/7 Security"",""Co-working Space"",""Swimming Pool""]","[""RERA Verified"",""Gift City SEZ"",""High ROI"",""NRI Friendly""]"
Gift City NRI Apartment 3BHK,Gandhinagar,Gift City,buy,residential,,active,14500000,10500,Rajdeep Realty,35000,2026-06-30,"Gift City, Gandhinagar, Gujarat",PR/GJ/GAND/10002/2024,true,true,true,false,true,22.0,10.0,"Premium Gift City NRI Apartment 3BHK in Gift City, Gandhinagar. Special Economic Zone benefits.",Gift City NRI Apartment 3BHK - Gift City Gandhinagar Investment,Invest in Gift City Gift City. Gift City NRI Apartment 3BHK - Best ROI property in Gandhinagar.,"Gift City,Gandhinagar,investment,Gift City,SEZ","[""Co-working Space"",""Amphitheater"",""Power Backup"",""Indoor Games"",""24/7 Security"",""Gymnasium""]","[""RERA Verified"",""Gift City SEZ"",""High ROI"",""NRI Friendly""]"
Gift City Commercial Space,Gandhinagar,Gift City Phase 1,investment,commercial,,active,18000000,11000,Shivalik Group,30000,2026-12-31,"Gift City Phase 1, Gandhinagar, Gujarat",PR/GJ/GAND/10003/2024,true,true,true,false,false,19.0,9.0,"Premium Gift City Commercial Space in Gift City, Gandhinagar. Special Economic Zone benefits.",Gift City Commercial Space - Gift City Gandhinagar Investment,Invest in Gift City Phase 1 Gift City. Gift City Commercial Space - Best ROI property in Gandhinagar.,"Gift City,Gandhinagar,investment,Gift City Phase 1,SEZ","[""Jogging Track"",""24/7 Security"",""Children Play Area"",""Shopping Complex"",""Power Backup"",""Tennis Court""]","[""RERA Verified"",""Gift City SEZ"",""High ROI"",""NRI Friendly""]"
Gift City Studio Apartment,Gandhinagar,Gift City Phase 2,buy,residential,,active,5500000,8500,Safal Group,15000,2027-12-31,"Gift City Phase 2, Gandhinagar, Gujarat",PR/GJ/GAND/10004/2024,true,true,true,false,false,15.0,7.0,"Premium Gift City Studio Apartment in Gift City, Gandhinagar. Special Economic Zone benefits.",Gift City Studio Apartment - Gift City Gandhinagar Investment,Invest in Gift City Phase 2 Gift City. Gift City Studio Apartment - Best ROI property in Gandhinagar.,"Gift City,Gandhinagar,investment,Gift City Phase 2,SEZ","[""Clubhouse"",""Gymnasium"",""Shopping Complex"",""Co-working Space"",""Swimming Pool"",""Jogging Track""]","[""RERA Verified"",""Gift City SEZ"",""High ROI"",""NRI Friendly""]"
Gift City Luxury Villa 4BHK,Gandhinagar,Gift City,buy,residential,,active,32000000,14000,Goyal & Co,65000,2028-03-31,"Gift City, Gandhinagar, Gujarat",PR/GJ/GAND/10005/2024,true,true,true,false,true,24.0,11.0,"Premium Gift City Luxury Villa 4BHK in Gift City, Gandhinagar. Special Economic Zone benefits.",Gift City Luxury Villa 4BHK - Gift City Gandhinagar Investment,Invest in Gift City Gift City. Gift City Luxury Villa 4BHK - Best ROI property in Gandhinagar.,"Gift City,Gandhinagar,investment,Gift City,SEZ","[""24/7 Security"",""Indoor Games"",""Children Play Area"",""Shopping Complex"",""Multiplex"",""Jogging Track""]","[""RERA Verified"",""Gift City SEZ"",""High ROI"",""NRI Friendly""]"
Gift City IT Park Office,Gandhinagar,Gandhinagar Sector 16,investment,commercial,,active,28000000,12500,Adani Realty,48000,2027-06-30,"Gandhinagar Sector 16, Gandhinagar, Gujarat",PR/GJ/GAND/10006/2024,true,true,true,false,true,21.0,9.8,"Premium Gift City IT Park Office in Gift City, Gandhinagar. Special Economic Zone benefits.",Gift City IT Park Office - Gift City Gandhinagar Investment,Invest in Gandhinagar Sector 16 Gift City. Gift City IT Park Office - Best ROI property in Gandhinagar.,"Gift City,Gandhinagar,investment,Gandhinagar Sector 16,SEZ","[""Multiplex"",""Rooftop Garden"",""Indoor Games"",""Gymnasium"",""24/7 Security"",""Jogging Track""]","[""RERA Verified"",""Gift City SEZ"",""High ROI"",""NRI Friendly""]"
Gift City Serviced Apartment 1BHK,Gandhinagar,Gift City,rent,residential,,active,85000,,Aavkar Group,,,"Gift City, Gandhinagar, Gujarat",,false,true,true,false,false,,9.5,"Premium Gift City Serviced Apartment 1BHK in Gift City, Gandhinagar. Special Economic Zone benefits.",Gift City Serviced Apartment 1BHK - Gift City Gandhinagar Investment,Invest in Gift City Gift City. Gift City Serviced Apartment 1BHK - Best ROI property in Gandhinagar.,"Gift City,Gandhinagar,investment,Gift City,SEZ","[""24/7 Security"",""Tennis Court"",""Gymnasium"",""Guest Suites"",""Indoor Games"",""Children Play Area""]","[""RERA Verified"",""Gift City SEZ"",""High ROI"",""NRI Friendly""]"
Dholera SIR Residential Plot 1000sqft,Ahmedabad,Dholera SIR,plots,plot,,active,2500000,2500,Patel Corporation,1000,2025-12-31,"Dholera SIR, Gujarat",,false,true,false,false,false,25.0,,NA/Residential plot in Dholera SIR. Dholera SIR Residential Plot 1000sqft. Excellent investment opportunity.,Dholera SIR Residential Plot 1000sqft - Plot in Dholera SIR,Buy plot in Dholera SIR. 1000 sq.ft Dholera SIR Residential Plot 1000sqft. Good investment.,"plot,Dholera SIR,Ahmedabad,NA plot,land","[""Road Access"",""Water Connection"",""Electricity""]","[""High Appreciation Potential"",""Clear Title""]"
Sanand Industrial Plot 5000sqft,Ahmedabad,Sanand,plots,plot,,active,4500000,900,Sun Builders,5000,2025-09-30,"Sanand, Gujarat",,false,true,false,false,false,18.0,,NA/Residential plot in Sanand. Sanand Industrial Plot 5000sqft. Excellent investment opportunity.,Sanand Industrial Plot 5000sqft - Plot in Sanand,Buy plot in Sanand. 5000 sq.ft Sanand Industrial Plot 5000sqft. Good investment.,"plot,Sanand,Ahmedabad,NA plot,land","[""Road Access"",""Water Connection"",""Electricity""]","[""High Appreciation Potential"",""Clear Title""]"
Vavol Residential Plot 2000sqft,Ahmedabad,Vavol,plots,plot,,active,3800000,1900,Sambhaav Group,2000,2025-06-30,"Vavol, Gujarat",PR/GJ/GAND/20001/2024,true,true,false,false,false,15.0,,NA/Residential plot in Vavol. Vavol Residential Plot 2000sqft. Excellent investment opportunity.,Vavol Residential Plot 2000sqft - Plot in Vavol,Buy plot in Vavol. 2000 sq.ft Vavol Residential Plot 2000sqft. Good investment.,"plot,Vavol,Ahmedabad,NA plot,land","[""Road Access"",""Water Connection"",""Electricity""]","[""RERA Verified"",""High Appreciation""]"
Bavla NA Plot 3000sqft,Ahmedabad,Bavla,plots,plot,,active,2800000,933,Narayan Infra,3000,,"Bavla, Gujarat",,false,false,false,false,false,,,NA/Residential plot in Bavla. Bavla NA Plot 3000sqft. Excellent investment opportunity.,Bavla NA Plot 3000sqft - Plot in Bavla,Buy plot in Bavla. 3000 sq.ft Bavla NA Plot 3000sqft. Good investment.,"plot,Bavla,Ahmedabad,NA plot,land","[""Road Access"",""Water Connection"",""Electricity""]","[""High Appreciation Potential"",""Clear Title""]"
Dholka Farm Plot 10000sqft,Ahmedabad,Dholka,plots,plot,,active,1800000,180,Rajdeep Realty,10000,,"Dholka, Gujarat",,false,true,false,false,false,20.0,,NA/Residential plot in Dholka. Dholka Farm Plot 10000sqft. Excellent investment opportunity.,Dholka Farm Plot 10000sqft - Plot in Dholka,Buy plot in Dholka. 10000 sq.ft Dholka Farm Plot 10000sqft. Good investment.,"plot,Dholka,Ahmedabad,NA plot,land","[""Road Access"",""Water Connection"",""Electricity""]","[""High Appreciation Potential"",""Clear Title""]"
